fecha;letra_a;letra_b;letra_c;letra_d;letra_e;letra_f;letra_g;letra_h;letra_i;letra_j;letra_k;letra_l;letra_m;letra_n;letra_o;impuestos_netos
2004-01-01;65.99535022;42.54786776;100.704499;91.45461031;99.91798255;95.93804745;92.06533784;108.4116824;95.50672551;103.8902559;91.41838182;97.26126782;95.62769507;94.19839356;97.00617764;98.3148556
2004-02-01;64.92659777;62.4407706;95.41418582;89.42485185;92.89344027;98.8533877;91.46471845;103.4482564;90.73641381;96.48146399;94.04697785;97.88228481;96.08424639;90.31346221;96.83613489;89.72999976
2004-03-01;110.6665595;174.084646;100.2510384;101.4264329;103.7702101;103.1245292;109.1277798;101.0618422;97.17580913;98.30456802;99.64872483;97.71845888;96.38030439;98.081488;96.15504323;99.13911895
2004-04-01;150.0659204;153.8776383;96.6975472;98.43731178;97.00984875;95.81549162;99.42014096;93.24299923;99.70693255;95.3158957;97.60226069;98.40554162;97.71186743;102.1843454;98.08313723;98.3217699
2004-05-01;209.3880763;132.3576645;104.1005334;100.3531383;102.4718253;97.99456692;100.5327444;90.98526025;105.5524366;97.00467098;99.80349289;99.20851776;99.13688775;102.7612647;98.0543487;103.825463
2004-06-01;144.6613189;158.9598583;100.6778528;100.6669308;101.9111162;99.15678358;104.3420157;90.55608355;101.6756457;97.31215317;101.712983;100.4454049;102.2095089;104.2644571;99.76658305;105.9642912
2004-07-01;94.86246436;77.40333927;100.8017413;102.5085335;105.4165394;98.90599791;100.827222;99.05111939;99.83019995;99.01951232;100.8595921;100.1651852;100.5000923;101.8439724;108.7300962;103.8395236
2004-08-01;64.86115725;99.29888044;102.2735133;101.0109396;103.9778147;102.0328115;99.55236758;98.17050375;99.22369694;101.1803113;101.5744802;100.6762282;101.3931506;104.4931576;100.4568201;103.103513
2004-09-01;60.74989802;68.15817989;100.5840773;102.562718;97.65631537;106.8151267;99.96031608;100.051045;98.89114536;100.8085316;103.0043372;101.5265851;101.8032826;104.6999378;99.92451552;100.8380762
2004-10-01;62.66926439;84.44641732;101.3927279;105.905688;96.18752545;97.84211306;101.1629568;102.939431;101.5725238;102.0793046;100.691154;101.6898059;102.2121325;100.2206712;101.1616399;94.76383516
2004-11-01;78.41525035;70.43561462;96.38346903;104.3751068;95.06963334;101.6555742;102.4159829;106.4931108;104.542721;102.9621707;103.2802813;102.0361172;102.5013729;99.69656165;100.0263423;100.225988
2004-12-01;92.73814255;75.98912304;100.7188144;101.8737382;103.7177486;101.8655701;99.12841739;105.588666;105.5857496;105.6411617;106.3573342;102.9846026;104.4394592;97.24228835;103.7991613;101.9335657
2005-01-01;65.69547159;35.83964076;101.1973098;97.29836903;109.0642183;105.317046;99.651367;118.4737927;107.2569775;105.084953;95.90729859;102.3947947;101.4735697;103.7733152;106.6790615;104.6978267
2005-02-01;69.2097487;88.96042743;93.22341075;94.70784582;99.19242475;109.0146912;99.73581884;112.7065749;102.0101706;102.1031368;98.55162759;102.9499371;102.044016;99.89042503;105.4561828;94.30116442
2005-03-01;138.5635769;146.6869807;101.5912482;107.569737;107.9089769;114.2310735;118.3250486;110.7675742;111.185706;106.1669148;102.9795926;103.545878;103.9057007;110.5248249;104.6941779;106.258891
2005-04-01;208.8998227;122.4887414;99.12523606;107.551657;103.2111659;108.7873836;112.5241802;102.6942971;115.2244549;106.6390623;103.9799593;103.4554466;103.6410219;109.4917829;106.0320385;113.8739271
2005-05-01;294.8643954;193.254246;104.305515;109.4359896;108.0387055;111.0551342;115.0501402;99.66979847;124.3739947;109.7871827;105.8973164;104.5098517;105.1782372;111.6850301;107.595926;119.6423878
2005-06-01;197.5538123;110.9570136;99.49474596;107.9651409;106.2637495;111.9818285;112.9962237;100.1935471;118.4790365;110.4308424;107.1166999;106.00525;108.1645082;117.9513907;110.5618031;109.5979883
2005-07-01;98.41302759;74.5462477;104.1286635;108.6327053;112.6538681;108.8456504;109.8562459;113.5001632;116.4392597;112.5399217;104.6041488;104.9828203;106.397122;111.8393667;122.5636952;104.9767386
2005-08-01;63.85265894;56.44057787;102.7797678;109.7218895;111.9911759;113.6808434;111.8700652;114.8998001;115.3925607;110.3833503;107.849176;105.4517134;106.774961;115.4902768;112.011727;107.9252875
2005-09-01;59.38842448;41.20736231;98.04109165;108.689219;105.8106403;117.9764181;111.4021711;117.7485195;114.5851645;110.3522209;109.2229762;106.2434873;107.7222982;114.055315;110.6094227;106.6334102
2005-10-01;60.65839167;61.35736422;96.2938759;114.3141716;98.78331388;113.8916157;109.4701601;117.4311644;116.5499083;110.8990745;107.4432584;106.8625256;108.0809155;109.3949404;112.4978144;100.0441834
2005-11-01;79.32336044;67.77852541;97.36115216;113.2083402;104.5126677;117.7480823;115.197933;119.7938851;117.4911205;114.0577438;109.8713067;107.9239988;109.3664365;109.219229;112.2074202;104.7114834
2005-12-01;100.7521621;108.2470392;98.73506731;109.9828464;105.9712588;117.1022031;108.931135;117.4446073;120.3794269;119.6086324;114.806609;109.465183;111.0276616;106.1791007;116.7526896;110.9525946
2006-01-01;69.22547689;44.49589099;104.0254782;104.8674034;110.8981442;122.0535355;110.0799472;132.7606491;120.5343803;121.1875203;103.1196952;106.0653963;105.6142436;107.2099681;119.7630449;112.9929967
2006-02-01;66.79993515;152.8171306;94.47667916;102.7687969;105.9787901;123.9313251;110.1388473;127.9291634;116.1632704;115.1463399;105.6249908;106.5512934;105.8764989;103.1792586;114.7902331;104.864227
2006-03-01;126.9014854;238.1847994;106.3004906;118.4169295;107.808465;128.279562;130.6024898;126.3465027;125.8913084;118.8787343;110.9270742;106.5161833;106.4849152;110.6665498;115.6767808;115.7257692
2006-04-01;190.8932595;212.9558771;104.0623281;116.2765638;103.308124;121.0632384;119.6996061;119.9593811;128.2426129;116.6716263;109.5596345;106.1664723;106.4894051;113.793169;124.4752864;118.8334615
2006-05-01;279.8455751;264.9244956;109.1477832;118.8646483;113.8303027;123.6345336;125.3877614;114.0101886;137.1127842;120.7503951;112.8665411;108.2406993;109.9554528;115.6197299;121.6759366;126.1772887
2006-06-01;188.657365;183.9229996;106.2954996;117.2865456;116.3617674;123.0438786;124.0896416;113.5767596;131.5558331;124.1237841;114.641816;109.7353684;113.135639;119.5132162;118.5305535;119.0500125
2006-07-01;103.8080606;153.0980783;109.3434928;119.7807421;118.1555821;126.5982979;121.8195418;126.2467819;129.9072759;123.7952819;113.9802075;108.9722042;110.9305915;113.4079726;134.3820014;112.8525742
2006-08-01;71.25445278;162.4421803;107.5237696;120.7443975;119.4158385;128.1512665;125.4309784;126.7235767;130.9028717;126.5974988;113.7573895;109.8361838;111.7101431;118.9751183;125.0821737;120.3181917
2006-09-01;66.92231897;102.8218874;107.0166313;119.7106543;109.7789916;131.87538;123.1627687;126.6482451;130.1749223;125.7779115;114.5472692;111.0279643;113.1714192;116.1952395;119.3989742;118.0844506
2006-10-01;62.94513535;110.5711238;109.4822768;124.1158904;112.6205823;127.9611087;124.4413292;128.5778338;132.224797;130.1814454;115.5288748;110.5639456;113.3587679;111.8453481;119.8216475;122.2558333
2006-11-01;80.07303428;63.65408367;98.22967268;123.8069285;110.5119322;131.1073868;129.7340667;130.7158463;134.1226996;132.01832;117.1042684;110.8694858;113.8130519;111.2647825;120.5266143;121.6857754
2006-12-01;97.5601152;82.96292842;104.9929846;119.741747;119.2239608;128.9572239;118.903518;131.136817;135.4700994;136.3917786;120.9171997;112.0977524;115.0300822;109.2623482;123.1157933;127.9270395
2007-01-01;69.90778196;50.88752581;102.2054089;109.9322332;116.5553052;135.7512381;122.2391911;148.9069154;136.6065965;140.9588713;109.4388945;111.9041004;112.1896824;114.3991329;130.8773951;124.177798
2007-02-01;69.77520594;72.00833004;94.44748924;109.6985187;110.6966398;138.7971446;120.4578972;145.1422599;130.7619088;134.1447887;111.0866843;112.5604038;112.7293191;109.7685577;128.3899588;119.1890713
2007-03-01;135.0705145;247.6689604;104.5811005;126.8827038;114.4269641;142.9960394;143.6385852;141.3795955;142.6366958;139.422208;117.4712634;112.6868409;113.4339485;118.6403244;129.1029204;133.1704494
2007-04-01;221.8499055;255.2824213;103.1493653;124.8581917;110.8735122;133.4748314;133.5918475;134.1722689;145.6031346;136.6572616;114.5994521;112.1689488;112.8042853;121.8540833;124.6858145;130.4219798
2007-05-01;329.8088607;253.6322181;106.4972437;128.453943;120.4827443;137.0239639;137.273014;126.8185925;156.8560472;141.0553044;119.7158974;115.2138078;117.164659;124.1888301;130.8014048;144.178691
2007-06-01;219.7014471;180.2919888;102.7753206;123.6138163;118.9185894;135.9865858;136.9450475;124.5190471;150.3763542;143.6522287;121.3178401;116.4429417;119.7126238;128.1628787;131.7120426;135.6187586
2007-07-01;109.5760561;158.4121269;101.3007611;123.1896312;117.678977;142.8224896;135.9122263;138.4915342;147.5888935;142.1783482;120.3936636;115.0876343;117.8341506;120.0147684;147.5314633;138.2000249
2007-08-01;70.40974559;105.2736651;105.4247721;128.4222529;118.0021599;144.0319464;140.2845551;135.9777272;146.7956447;145.0209325;122.0194412;115.3233604;118.037705;125.2286318;137.9500936;142.5207177
2007-09-01;64.36351214;80.56721676;103.243141;131.0845525;112.1381349;144.6333954;137.9522388;137.3639835;143.877134;139.8808426;121.0171637;115.4990239;118.0315257;121.5479025;129.3977351;130.4378343
2007-10-01;66.72752242;67.21370238;104.5688281;138.7600103;111.8410477;142.7465324;145.7380245;141.3932634;149.0424605;143.9614486;123.7776754;115.8699868;118.2104103;118.9324702;127.4444976;141.212722
2007-11-01;83.9648034;53.16505935;97.33970277;136.6139928;110.5250274;143.2154342;146.7540238;144.9685489;148.8728545;144.2854267;124.3561397;118.3507502;121.1384308;118.9504363;127.5005046;143.0945325
2007-12-01;95.88479503;68.61519552;104.5325557;130.8277071;120.2504674;138.3945089;133.3414642;145.0454483;150.3731821;148.1645279;123.247508;119.0268288;120.6705834;116.2140483;129.1181155;146.0335125
2008-01-01;66.47801641;34.15549663;101.5119552;121.8446025;125.7560482;147.9151665;137.4185327;156.6815836;152.2399949;153.1012152;118.0455;113.8087098;112.8223066;122.6575594;135.5970521;153.064717
2008-02-01;68.68449956;58.97300945;97.6546059;119.0599565;119.2242005;150.6273931;134.8746995;150.9810679;146.2376918;146.6636746;121.3410291;117.0754215;116.6743591;115.6852753;134.3050619;137.3247439
2008-03-01;134.9940822;157.0540445;104.397531;129.6635836;120.2488557;151.2994618;148.0903763;146.1458281;150.316067;144.8084635;121.3891208;117.2283901;116.981696;124.8195054;134.5742472;133.6340236
2008-04-01;220.2386178;239.913345;100.5856013;137.3136012;114.9787084;148.6845281;156.5972089;136.0582492;158.7410325;149.6123753;125.821774;118.0264345;119.2546595;131.2494754;136.2730682;149.3415215
2008-05-01;321.7207917;276.528246;90.95122592;137.4869268;118.281098;149.0992567;153.4563222;131.3846792;165.8886877;151.2157676;127.5940227;119.1523135;120.9795456;133.850547;139.5897517;152.4957227
2008-06-01;211.8574064;225.7896698;98.07132624;128.3331933;128.4127991;147.0654583;142.7097119;125.2245002;154.6486716;150.2347452;127.5384408;121.3805719;124.6225948;135.631502;141.6670289;142.0660502
2008-07-01;110.9787892;172.3908208;103.6788666;136.754644;123.6967527;152.1360723;152.2025057;138.9582604;157.1299332;146.8522441;128.8479414;120.7667024;123.5879974;129.9815776;150.495983;148.2068581
2008-08-01;70.81371768;176.4280518;104.7690757;134.0963383;126.3209284;149.6128287;142.8404612;139.4435245;154.0495279;155.1431426;126.0045545;121.264341;124.2877583;133.0879429;143.8154226;147.1800278
2008-09-01;67.16126081;86.88274613;102.4691839;140.7795342;120.1036646;149.9884183;148.4033005;138.4537795;153.6508914;150.6796873;127.3315885;121.7743216;124.7936827;131.1074415;135.8332246;146.65413
2008-10-01;66.49249092;107.5985181;104.9198074;137.1768347;112.8563442;138.2809938;144.9394336;137.8561251;153.6191682;157.1848573;127.9323715;121.0567242;124.7694261;125.5596141;136.5405466;143.9567675
2008-11-01;80.22294439;62.39520831;102.7210028;126.1021832;118.1328379;136.1941091;133.0168467;136.7302808;148.6696283;149.2748233;126.4361363;121.8625596;125.227443;126.0362192;131.0257577;134.702355
2008-12-01;79.39646138;79.54291076;104.3852822;118.4894171;121.3701799;129.5051173;126.033832;134.5415879;149.3386785;150.4649272;128.6494109;123.6100297;126.6338211;122.0431097;134.1525514;134.1981684
2009-01-01;58.55011019;34.84538347;104.9202194;105.1912272;124.3086764;125.9926103;120.2661151;146.4167686;146.822694;152.4208901;116.232935;118.9887448;121.2261735;131.7532838;136.3325159;132.2135417
2009-02-01;62.70700973;53.18347548;97.66843706;103.2542688;113.4913223;126.562383;117.6510379;140.2052779;142.4954548;145.7691642;117.4060909;120.8806763;121.277288;123.4154176;134.2412795;129.2446092
2009-03-01;107.0931905;130.0712252;107.0721016;117.24068;123.5395281;127.4866589;137.4033109;133.2710392;150.895272;149.9945081;121.1449982;121.1766905;121.6756783;133.278477;131.0991175;132.9142932
2009-04-01;131.0723157;154.1466501;102.0955384;119.3551285;115.4884352;122.0660157;129.5005561;133.0724098;154.7759926;149.2728196;120.4315562;119.1054843;120.8343652;140.9860723;136.4436476;136.9740399
2009-05-01;187.0135335;179.4206769;104.0074531;120.7420527;121.9354602;121.6418934;128.6442964;129.25188;159.6623748;149.0495984;121.1345853;121.0053265;123.1461206;143.8705621;137.4823448;133.7660402
2009-06-01;129.4347083;125.0837817;100.3486246;120.0373126;129.8582586;121.7469389;132.8854373;126.9388972;156.7849291;153.874325;123.9439703;122.6757745;126.2496463;144.1333234;137.6264494;135.6539078
2009-07-01;89.27758844;96.40435612;103.1589095;124.9247439;130.8258144;133.1333111;135.4113089;128.2002692;152.9395695;148.3013588;121.5404375;125.278336;128.0802966;139.5851739;142.7637209;136.2245323
2009-08-01;64.71539161;148.113969;93.87471047;125.4100063;120.6971896;132.8659629;132.0627324;129.6305767;151.2296148;150.2791759;122.7201328;125.5243952;128.5441619;142.9264408;142.7281532;131.0321338
2009-09-01;63.05629992;148.60768;100.1959674;126.6079317;116.3577803;133.3044423;138.3508153;133.8481442;151.802118;153.1030006;123.729333;126.9543801;130.4683994;140.6860495;141.1961707;135.9849887
2009-10-01;62.25635498;116.245349;104.9229056;133.7518846;115.2589915;131.413236;139.5227778;142.4203408;154.8099779;149.4229233;123.4427883;126.3222271;130.1782091;134.1639781;138.5284042;132.92653
2009-11-01;76.30145204;80.853675;98.98984937;130.6205579;114.3646937;131.4328587;138.4192697;142.5964089;154.3751168;149.461526;124.6067928;127.2653153;131.0083851;134.5140564;138.4249143;131.9923113
2009-12-01;72.4782012;76.17507552;101.892155;126.1962536;115.6473975;127.3676807;131.560706;142.0516199;155.651486;151.3909594;128.8213711;128.596867;132.2105928;130.0542173;140.8480439;135.5649185
2010-01-01;56.01882924;21.87595457;103.6241477;115.1550325;124.1313939;133.2283523;126.1396992;156.7428573;156.1125733;148.7643423;120.2639148;126.6221947;127.5877033;136.420439;145.7432638;134.1386539
2010-02-01;64.67634873;57.00375927;98.59074683;111.4387135;114.996565;135.4907751;125.5030252;150.2461691;150.3207999;143.8875294;122.3181398;127.2993341;128.3056484;129.6885689;142.9172813;128.8990319
2010-03-01;132.6832634;107.6232255;106.7199551;132.3241684;125.0451959;138.5682638;152.8012123;144.9997309;162.377646;151.1654477;126.8045047;126.9271828;128.8514078;139.7423895;140.3419687;141.0381432
2010-04-01;232.4486218;92.05783699;103.7450318;132.9804934;114.6980038;139.7788863;145.2137394;141.9804504;169.6526773;149.2611229;126.3980262;126.6083402;129.3294592;147.1010421;141.5004112;150.6763865
2010-05-01;351.0180609;165.2649386;105.9949447;135.839944;122.2269482;139.1721767;147.2002204;138.3492011;181.2053438;151.0788011;126.8502102;127.45071;130.6789658;149.5318194;144.5562915;154.2040269
2010-06-01;231.3111216;165.1365682;105.325563;134.9288381;123.2620038;139.2084348;151.0452725;136.3166352;174.1717183;157.5937629;129.7763914;129.1491588;133.6299255;153.6291355;144.7400957;159.1137559
2010-07-01;108.7999279;182.1491251;107.0740019;137.5675757;130.7128862;143.7037751;150.819962;151.3239791;168.864498;146.2522809;128.1213134;127.3704596;131.466107;147.8047481;161.3060087;153.4764477
2010-08-01;65.88318937;164.5230148;106.9670769;141.9998562;127.9468667;146.3669017;155.6929035;148.0237488;167.6094894;151.1991042;129.6463386;127.5164466;131.6251684;146.7286932;148.3367203;152.9893782
2010-09-01;62.24432451;181.3557059;103.2226286;141.6337695;118.0913904;148.7425578;156.7179368;150.4160219;165.7062901;150.7847025;131.0446363;127.8845468;131.7563046;144.5564095;143.7625576;153.25452
2010-10-01;66.21698335;93.29196846;103.274302;145.5646759;118.442881;138.7394763;155.4084419;154.1943048;166.7158067;149.2394549;129.6930208;128.2464319;131.5153454;139.2006084;142.7068673;142.4567462
2010-11-01;85.84105852;72.75388806;101.5072776;145.08496;117.0000781;142.0710257;164.9135322;155.9463837;166.7125644;154.3800434;133.5582395;129.2393314;132.3773075;139.6562719;145.3944463;149.9983114
2010-12-01;101.3622129;76.78537844;92.28962047;137.3426381;130.3302016;140.0287234;150.6944864;153.3401755;165.7204841;157.7885017;137.1528233;130.6977345;133.8680903;135.5110089;145.5405456;154.9009814
2011-01-01;70.92885867;40.39553282;99.42726267;127.1264066;132.5966949;149.2881022;145.5857605;165.199375;169.1851202;159.2471657;124.0955794;129.3868863;130.1456483;145.3963342;153.0636827;153.4619568
2011-02-01;71.39901732;71.09930001;93.89885906;124.1908175;120.8907185;151.7765129;141.1534932;154.8538423;161.6506369;155.9453232;125.5242882;129.9966513;131.0541854;138.1116875;148.3820048;144.3097458
2011-03-01;139.7658554;126.0007153;101.5663424;145.2355795;129.8213868;154.6805775;171.3862037;154.09497;174.3056234;160.1765359;128.8854725;129.8072234;131.4787474;149.4864044;147.4497006;156.8567966
2011-04-01;215.2418421;121.9176243;87.86934486;143.2805735;117.9547297;150.1330663;160.9784747;151.794614;178.4210883;158.8779008;131.0587363;129.5929281;131.7273384;157.2786186;152.2508045;156.0467039
2011-05-01;315.7625658;114.1572128;93.55246733;151.4966051;127.5269778;152.9287762;169.6156047;148.610062;188.9693905;163.8461034;134.5075426;130.1582296;132.8401816;160.4640963;155.7823682;172.7129809
2011-06-01;211.2046256;194.0865583;91.96130844;149.388335;130.4027114;152.4665776;170.7606895;146.2610366;181.1865354;169.0043686;137.9606936;132.2571552;136.1671546;164.4058647;153.1599843;164.1748668
2011-07-01;106.3892639;153.6937324;97.54148429;147.8658615;135.5412276;158.4467138;163.9111908;158.880012;175.8530914;162.7940084;135.0703233;132.7276422;136.0569683;152.4934263;163.1963216;161.1384065
2011-08-01;69.22022391;177.636764;101.4435698;150.5571722;133.794605;160.2878926;173.6830167;154.7303918;176.6343205;172.1756071;136.4061457;133.4108176;136.9696281;152.6966621;150.247471;166.7482627
2011-09-01;66.00841747;151.4266072;99.13590723;152.9757639;120.0146724;162.6085554;176.8408737;159.1734638;175.7146927;172.4930055;136.7357201;133.8801064;137.4946565;150.3447582;143.6134257;171.3955326
2011-10-01;68.28615091;149.5310045;101.7153322;153.7998638;123.2880823;151.5930108;171.632058;159.7529738;174.6302315;170.6511033;137.4586087;133.3206008;137.3985762;144.4798225;150.5064606;160.712081
2011-11-01;85.9984745;82.57443514;99.08575716;148.4296287;128.0626069;153.6013561;169.7958348;160.9275356;173.0857459;170.0104962;140.4108597;133.7667231;137.7769095;144.4442661;148.7064076;168.0831551
2011-12-01;96.55957873;69.33141296;98.94222851;141.0891134;136.5430965;148.1398988;157.1939198;157.9087813;173.1998117;174.2205279;142.1148937;135.514719;139.4673711;140.3134691;150.0292903;160.2238018
2012-01-01;70.3989934;39.72061436;94.55614372;124.6134292;144.0893459;153.104605;148.0607151;167.8668393;172.6647928;172.8960009;128.0152835;133.9587975;134.9308611;155.9108973;150.9600719;163.333431
2012-02-01;68.38753796;79.54643992;91.82364619;123.608767;131.632092;152.7745395;142.0685983;160.0386243;166.1111874;167.4855412;127.8901877;134.7040454;135.8778604;147.8234474;152.5774558;152.0930101
2012-03-01;124.3609058;148.7720217;99.00597227;145.8505247;134.9413627;155.5246435;168.5844102;157.3692034;175.4985939;176.6177576;133.568738;135.0370943;136.8710131;160.5741768;147.947379;156.2971192
2012-04-01;166.1467388;117.4410551;95.22309775;138.2466348;127.4951253;149.2555031;150.703998;154.8735706;176.9022829;169.9264146;130.3909731;134.0679536;136.5726668;165.3320897;152.3346588;151.4634932
2012-05-01;239.3495672;128.0740538;98.72974858;141.9663916;131.4079576;150.0109512;160.4678141;148.6399037;187.4611562;174.7516141;135.3667991;134.7531793;138.0275792;168.0517305;153.5502474;166.9203393
2012-06-01;162.0206371;108.7478981;94.07845013;138.1069141;135.0423332;147.782026;158.87011;147.7723951;180.9523004;176.6390685;135.9635721;136.6764282;141.3341114;172.656232;155.8503653;160.13956
2012-07-01;101.7205961;150.828842;98.31248412;144.1783049;142.591715;151.9417109;164.0063784;163.6282044;181.743825;176.6556111;131.6186572;136.1405497;139.8603048;158.9959966;170.8665655;163.9503133
2012-08-01;73.19557355;177.7145559;98.25189613;144.3554692;138.2135628;151.1741075;167.155651;157.2985081;177.4979172;184.8234396;135.7991796;136.1931522;140.3703569;159.4662423;154.9910248;168.9029167
2012-09-01;70.83068725;182.746651;97.07238674;143.52223;124.8993248;149.8166823;161.023662;158.5690818;172.0758838;178.8327476;132.0505742;136.2980475;140.4002815;156.5779456;149.6278545;164.4729174
2012-10-01;71.87308368;147.7737515;97.10624169;151.9246347;127.117214;148.1187144;171.3976838;160.6056656;175.8915422;184.4841674;134.9115378;137.274763;142.1415038;153.0348471;156.1100707;171.1637955
2012-11-01;84.90920446;110.3897455;92.07596451;147.0926102;132.3706198;148.6058356;168.8618799;162.0953148;175.3298628;183.3602979;135.8175146;137.500987;142.2198702;152.7809814;152.9596928;168.5468897
2012-12-01;81.07750038;68.67315682;95.82765898;141.4109061;138.2948693;142.8894785;156.6055831;159.1889234;173.2787545;189.1002946;139.2741071;138.8744079;143.6617509;147.8797773;150.5245737;167.3738875
2013-01-01;64.01654372;45.05151844;92.30055344;124.3070368;140.3080312;148.7470076;147.5799552;166.2064242;172.0861385;183.4886449;127.7954252;137.0168353;139.072987;160.3617894;149.7214255;167.6058901
2013-02-01;72.83360114;114.1359539;85.57672078;119.4056792;125.7001249;149.4253025;144.6468436;158.2583592;163.7474203;174.9909729;127.4582559;139.4403435;140.1694906;151.9306414;146.9060086;156.3097627
2013-03-01;139.9196485;108.0657081;93.24479792;141.6337099;129.3344761;152.1494316;172.8093236;157.8048195;179.0386168;180.3979979;131.9265697;137.2887088;140.7342164;165.2734121;145.0158321;163.9052103
2013-04-01;201.9596117;163.9878455;90.70288717;144.7143469;127.7791863;151.7883237;171.3848173;153.8435339;184.470564;180.2320355;132.7846611;137.3456958;140.9072468;170.0997186;147.4470861;167.3918991
2013-05-01;298.0846648;135.5964786;94.56617208;148.702168;133.3854525;152.1060157;170.5828681;150.9362111;195.9006115;179.7965804;137.0103625;138.1392592;141.9689181;172.8912254;149.933568;181.1790589
2013-06-01;198.2773133;222.6512416;91.44981353;142.2259984;134.223166;149.1347332;164.4077317;150.9808761;187.2046969;188.2947253;135.5099934;140.1433963;145.0176863;177.5339721;156.7551932;169.5234424
2013-07-01;107.0687294;227.7910359;94.43408686;144.33135;142.6783178;152.8480248;168.336128;164.8282638;184.8173008;182.561503;135.7239529;139.4802483;144.627625;163.6239451;169.2002129;174.4211637
2013-08-01;69.62321492;182.3356005;94.07014721;149.4040766;141.8813558;153.2924794;168.5206464;159.6365757;183.2852819;187.5463607;135.1688982;140.4057485;144.9108111;164.0031935;155.5855505;176.0695428
2013-09-01;66.90422478;188.4037008;91.39439869;150.7686951;132.1138885;154.2125405;168.5606755;160.5219193;179.1939856;185.3668114;134.8057753;140.4173605;145.6021018;161.295307;151.53877;171.364252
2013-10-01;70.46848003;192.9871863;94.3612112;154.9208829;129.8678968;148.1197665;173.0327963;159.4417091;180.3279537;185.2001223;136.9040901;140.5921616;144.8134308;156.0265764;150.3911432;171.5128085
2013-11-01;84.42742838;136.2448073;90.58055699;148.0741601;127.9428141;146.1426169;164.6020137;159.6089495;179.6993725;179.1255153;137.0733417;141.2917399;145.4268581;156.0012458;152.2945178;163.305519
2013-12-01;85.37363103;77.5344844;92.75465184;141.7213687;150.664394;141.1414843;151.1921556;156.1662683;175.5694011;189.0900517;140.242369;143.0048052;146.9442357;151.0756657;147.7999121;158.3007416
2014-01-01;65.04463929;48.97757787;93.140548;124.4212337;150.3935992;150.3110602;144.5742486;165.5993277;175.0858692;192.5736675;128.0395425;141.9048795;141.9955362;163.5666123;152.728952;170.4221321
2014-02-01;68.93624485;81.66239795;86.83486326;119.7169346;126.2104187;149.4195773;140.8804662;155.4240168;169.3849743;178.7424815;128.577327;141.8796855;143.4582284;154.3780521;145.3190042;153.7127018
2014-03-01;131.1524513;162.9587152;95.77755921;135.3333183;131.2013838;150.8708293;156.7203561;149.6506463;177.5450962;176.7734674;129.1169397;142.2349296;143.4685983;167.5433575;147.0264375;156.7970935
2014-04-01;213.7914262;136.3019251;89.81293107;135.7471741;128.638067;146.5565253;152.7232687;147.8764786;185.2911197;176.1350961;130.9784959;141.7819588;144.8147233;172.8731398;147.3825194;165.4251248
2014-05-01;323.8011752;178.230743;98.17706399;140.4167449;139.175771;148.2206633;155.5435299;145.3010683;196.4469027;175.9575146;134.0458599;142.6783872;146.3508848;175.4387971;146.5289113;164.3835093
2014-06-01;214.7674972;225.125539;92.83794099;136.4099835;142.7748544;148.2588717;151.9532521;143.3912991;189.8984151;179.4967698;138.3845029;144.0419906;148.7572508;180.3309295;146.2894285;159.181765
2014-07-01;110.4270228;178.2521328;95.09453153;137.3566193;147.3928362;147.0229308;154.3389201;160.5589484;185.1009864;176.4473438;135.4092697;144.0888824;148.3051019;166.2076758;157.3230475;159.9507491
2014-08-01;68.65546507;174.454716;94.06236446;136.8344613;137.1075896;147.205451;151.75616;158.3258692;180.8564899;176.6849752;133.8988019;144.7039741;149.0032815;166.7275364;151.4939873;154.8610659
2014-09-01;67.11585816;195.6859704;93.37173766;139.490734;129.7298456;149.5263027;158.8288378;158.2214104;179.627541;178.343584;135.3885335;144.9059618;149.6722826;163.6050743;148.4481058;157.4403372
2014-10-01;69.33396734;215.3507192;96.0809136;144.7562132;138.6825698;142.4347977;161.6106082;164.5197609;182.3715252;178.6406154;135.7766248;145.1348371;150.7503341;159.7515045;148.69215;155.6084783
2014-11-01;83.92547951;143.7916396;92.73521485;139.4289331;133.889001;143.0101807;154.5107843;163.989497;180.4783666;169.8390572;135.2379043;145.8687793;150.8281958;159.6145706;148.7535059;149.6960355
2014-12-01;88.52394624;76.39106625;94.77313741;133.8623263;142.455618;139.964452;147.5968485;162.9197651;179.9137435;176.1424937;139.3297549;147.2209865;150.8545534;153.6182369;147.501638;154.1684765
2015-01-01;61.32173728;49.07539001;95.14667013;118.2727378;149.12423;146.6897116;133.0497255;171.6783119;178.8436858;176.1300514;128.3776367;146.2058011;146.5469967;167.4512825;150.7920476;161.6095157
2015-02-01;70.34749868;82.34020062;88.28846995;116.8381697;137.0995266;147.782989;142.4527681;160.5379559;173.5092788;172.3630903;129.1915205;146.367167;146.3085032;158.4893363;148.7196402;149.9058
2015-03-01;144.4282121;141.8209974;97.37515756;134.9272163;151.5393256;151.9201565;170.025134;150.9173427;182.9995473;176.9622408;133.1742912;147.8761888;147.2694277;172.157425;141.3115758;160.8742447
2015-04-01;240.9170856;146.5591135;93.84315771;137.381394;132.0475024;151.9845887;153.7901344;147.6387048;190.6118314;176.3067232;135.5187107;146.9824504;150.0892271;177.442197;150.7740433;169.274754
2015-05-01;365.658973;182.7503177;100.6785224;139.3610616;143.7823139;153.4095649;156.7704265;144.4663524;198.2799688;172.79118;136.516628;147.4494563;152.0676315;180.6334531;144.1084256;165.6920727
2015-06-01;244.3185402;171.3078853;94.4600797;143.4716382;145.0981199;155.6465392;171.1046007;145.3301084;195.4046536;184.8796053;139.2313987;149.4182093;154.2323941;186.134485;151.507378;169.2329989
2015-07-01;115.6081357;195.7349173;98.4808851;141.8834023;150.9621504;158.1042402;162.7609315;163.4317048;193.0541929;182.8242397;141.3413012;149.8641341;153.672989;171.1710812;170.5901956;167.9428961
2015-08-01;68.81774815;213.4173169;96.67541857;143.6516421;146.6168108;156.4471757;164.5450809;159.292436;189.4694757;182.6105362;135.6439855;150.7937077;155.166101;171.8414161;152.0140266;163.0831655
2015-09-01;64.55008886;209.0455478;94.30158665;140.4646631;139.8406284;157.3100113;163.309954;159.6937885;188.9293076;181.7940878;137.6898814;150.364374;155.7524032;169.0742388;143.9608282;168.7876585
2015-10-01;69.9609154;211.3057547;96.17985157;145.6306841;141.222318;150.1355265;165.7375721;166.5567157;188.3094927;185.0342621;137.8881482;151.134451;156.1013805;164.4516271;148.0078206;164.4161774
2015-11-01;86.56550087;168.754265;92.56421962;141.4475223;133.4749553;147.6178508;166.6049328;166.9606019;185.1753364;183.6218993;138.0781015;151.9593225;156.6341278;164.5694541;146.2918588;159.0444659
2015-12-01;89.89063064;90.78421806;93.20289383;132.8815598;149.738015;138.7776076;145.7495777;165.2103501;183.5959255;187.5934373;140.5585943;152.8293813;156.698996;158.2070617;146.6144189;157.2242828
2016-01-01;64.61710338;60.06860735;90.90367844;113.9824673;154.0091286;141.6615425;130.5594871;169.9186462;189.1787725;179.4711165;129.4212785;152.2478347;151.780633;172.1326749;144.6972553;165.6405906
2016-02-01;70.07331457;105.7388662;86.88640095;114.2174145;146.7819676;138.9620023;140.321203;163.6693715;184.0885724;172.6756022;130.5020904;152.3180137;152.3278662;163.5360818;148.1795032;156.8742336
2016-03-01;136.6683856;128.1504814;92.73850359;130.5127724;140.4897262;140.6386999;171.9545293;156.3632613;193.8894821;177.2811455;134.3402006;151.7683246;153.9087804;177.1708181;153.017898;167.5815159
2016-04-01;222.2440703;90.4486199;90.40262106;129.6925585;138.4972642;126.0267551;152.6198996;152.1981149;193.5307052;172.4692464;134.713955;152.1975164;153.8980434;182.0320509;146.4935017;165.8361427
2016-05-01;329.7453392;117.2582817;92.82010766;132.0943647;150.8573638;134.2249061;153.9629624;147.6217225;204.4693778;169.1063945;136.4282101;152.5895933;155.1305779;185.6095948;149.6957036;161.6676877
2016-06-01;222.3605736;213.8809488;88.15854138;125.6567861;148.4033223;128.568203;155.9374509;148.0129581;197.7791723;170.4775791;138.6953598;153.5451456;157.1823879;190.6664293;153.8276805;159.7164894
2016-07-01;113.2185609;238.8235846;91.87078342;127.0569762;154.086698;128.6669829;148.7284156;164.9972714;194.9148712;169.510224;135.9533428;153.4902289;157.7503381;175.6212985;167.852677;155.9163428
2016-08-01;70.7049895;254.3109789;91.21455342;132.7159547;145.6513634;144.7089074;157.417112;163.4263998;195.014432;177.6427544;138.1099495;152.8875651;157.7004258;175.7105166;148.4553665;161.9996478
2016-09-01;61.92436376;199.6752956;89.9499508;135.5352882;140.5313718;136.908416;157.2563153;160.8172968;192.0887733;171.4251795;136.2974489;152.8552947;158.1015508;172.6710234;142.7343045;161.378904
2016-10-01;70.83907186;224.6843952;89.97368144;134.50621;135.1726568;127.6169151;154.7263379;169.9708531;192.3339679;173.7747677;136.5220627;153.0914651;159.195387;168.2651137;147.4271635;154.2560127
2016-11-01;86.52813101;127.5921088;85.95467537;138.3593522;133.687746;133.9880204;164.0502267;169.9211075;194.0679374;174.4173467;138.5098949;153.5779189;159.6299745;168.0404189;145.4277082;158.5853189
2016-12-01;93.78779072;99.73232676;87.79589608;130.2350442;149.4117489;130.5798075;146.6908474;171.11609;193.274925;186.2265442;141.8090134;153.8733445;159.2214979;161.1280515;141.0547489;159.6999502
2017-01-01;67.32241152;75.2502494;87.08259223;112.7976742;155.3560586;141.2625153;131.4436541;171.3494279;195.7087639;184.3479373;132.1858945;153.2198396;152.7298499;176.6881542;151.263397;170.6594666
2017-02-01;75.17856163;161.9341521;80.65908288;106.7970856;141.3902062;137.5570376;137.6892727;164.0480681;185.7036888;174.2223487;132.0078382;153.2537134;152.8102186;167.463059;149.817536;153.0753117
2017-03-01;142.2213133;149.1847672;88.77403954;130.7408599;145.6279532;150.9970743;170.9625296;158.1821689;199.750398;186.5040507;137.889214;153.6938879;154.8595966;181.5074607;153.0115397;168.476087
2017-04-01;232.0252475;104.4985281;81.57832898;122.7044996;134.2312885;135.1430631;145.3953627;157.5244583;198.1621969;173.9802403;136.1494816;153.5599291;155.6927256;185.4607623;155.1108873;163.3244757
2017-05-01;330.0188117;166.2402977;88.95842499;133.9585597;143.5571448;145.7980003;162.9359584;152.2935551;211.9665032;176.4228057;139.879551;153.868856;157.3192206;189.0028852;147.4602622;168.467136
2017-06-01;228.1094635;236.0597847;83.01667792;141.5155856;150.0220984;145.9287388;168.7788807;153.5633709;204.4771435;181.2345148;143.2021967;154.7049853;158.9648495;194.7725686;144.6452273;168.5178459
2017-07-01;111.6631048;249.0958391;87.34096471;134.6713927;151.3897214;146.4115651;158.9379419;172.970182;201.6399414;181.0519272;141.3285765;154.1843518;160.5619076;178.7940744;170.4240661;165.6384784
2017-08-01;73.08728751;256.575988;89.09401333;142.0093133;145.7044654;159.3496324;164.5946974;168.5348955;198.1032741;187.4716351;142.6159999;153.6205048;160.3867491;178.5993186;150.9868554;170.4671344
2017-09-01;64.75275616;279.3523396;86.89059661;138.0437427;136.6844349;151.254411;158.9644631;165.9483989;195.0324629;183.8708768;141.2236566;153.7152919;160.9171754;175.6509841;151.6742594;172.8551592
2017-10-01;78.23306205;233.1466278;90.98438709;143.0006306;135.1993859;149.5953454;167.3964989;174.8883971;196.6667411;188.4198846;143.3076594;154.3428128;160.9097038;171.2229981;152.738075;168.4921849
2017-11-01;89.01564215;125.6567366;87.4663444;145.2241944;130.4708779;153.7325094;178.952325;177.3070685;196.7828235;188.1763414;144.1671284;154.9732648;161.5475783;171.380824;148.4072606;171.1657746
2017-12-01;96.78814315;89.34670335;88.67300172;132.8598472;150.4165625;143.2214061;148.5941934;176.7328002;192.967705;193.7979634;146.4726109;155.3229356;161.5778622;164.1854636;145.0306258;166.3985512
2018-01-01;68.41058552;126.0062966;87.85987802;116.9161226;154.8027358;157.0548134;142.2453921;177.3312091;197.7061794;195.2743467;138.2598854;155.0001255;156.2256902;180.5106823;158.6921058;180.4127154
2018-02-01;74.74917579;161.9311399;81.76605514;112.8413205;144.253989;151.2699137;150.9923734;169.5066831;186.503276;188.1936983;137.5828433;154.6091037;156.514989;170.6286757;150.6569415;162.980698
2018-03-01;144.6514804;153.5079577;89.91284621;133.2775281;145.0259099;158.4238409;176.1342772;166.3910059;199.2414745;192.1643037;142.4580058;154.3497184;158.794957;185.4404353;146.3880131;176.7248132
2018-04-01;163.2854039;111.0989347;86.70221506;126.9252126;138.2944731;147.5274748;154.9919996;159.0571143;195.482711;192.4148323;143.7758;153.6606354;159.6452615;188.8967345;148.2972323;168.740725
2018-05-01;223.6842466;130.9594252;91.38780579;132.8971186;141.7818477;153.4172292;162.758192;153.2986553;200.8620905;195.4612915;145.6361666;153.7990919;160.6835346;192.9833509;152.6538033;167.0469098
2018-06-01;149.9515184;197.3383867;87.07736275;130.7643224;156.6547622;148.5930735;155.6626006;149.7237801;192.5748649;190.459347;145.5685716;154.6243215;162.1425025;198.7576416;153.886968;161.2353573
2018-07-01;105.7229288;265.7433339;88.86153684;126.6951991;155.9563079;147.4688155;149.1816678;167.9522531;194.0259404;194.2468273;142.6326831;153.9332275;162.5941621;181.2958768;172.1810692;158.485813
2018-08-01;74.54874504;292.7377888;87.87099483;135.0500776;149.1530921;159.8704649;155.4073004;165.4420437;191.3489858;200.0207816;142.9192125;153.1891731;162.6618166;180.8317719;153.66322;166.2422641
2018-09-01;65.38672107;291.2042355;86.34973471;122.1030161;132.402777;147.8318477;139.5457466;160.6608149;185.2491436;187.7969186;138.2164937;153.5045197;163.1150966;177.7779867;145.5472799;156.1035282
2018-10-01;78.62835588;304.6751326;88.61135102;132.1245723;133.405924;143.6550664;150.0818979;170.7056675;188.9801272;183.9405739;141.7782145;153.9443318;163.4177783;172.8147444;146.2290992;157.7144464
2018-11-01;90.21847247;121.7785342;84.96184432;125.6174319;131.1624718;138.5751865;150.9421643;171.7612181;185.8036651;175.2201801;140.659622;154.6098804;163.7755434;172.9787374;140.5345358;154.558106
2018-12-01;101.8814002;84.64320189;87.97433616;112.9859513;139.2795574;126.2968553;130.7358803;173.1137565;183.8936231;186.1723517;143.0234315;154.6516284;163.4187006;165.6490743;136.7505548;151.7596796
2019-01-01;73.18576532;151.2032974;87.5796984;104.6836567;145.7274143;143.0478467;126.0838693;174.1136178;186.7256342;180.728973;135.4643921;154.0069131;157.1276052;180.2274879;155.7762628;165.6003747
2019-02-01;77.27598381;165.7824259;81.6789257;103.9471314;138.2636718;147.5347506;134.5589634;164.1764124;179.0815874;170.3245086;136.9970184;154.2283636;157.8072031;171.5027027;145.9606958;151.8686924
2019-03-01;160.5300143;154.7377803;88.53937343;114.9759097;134.7768259;148.0732418;148.5086544;160.536876;191.480747;171.2367988;138.1319397;154.1888593;160.2743342;185.6960414;143.2984327;156.1788024
2019-04-01;230.9943282;153.1433062;87.08293774;115.9205402;129.2509867;140.9735155;138.4436592;156.2945949;193.7968292;172.3519318;140.6795802;154.4040045;160.4308885;188.2282363;143.3274338;158.1198938
2019-05-01;341.8236001;92.20582056;92.8889066;124.1955909;138.4585934;149.7158557;147.0633622;153.3893833;205.1779543;165.4606807;142.785393;155.0909908;161.7953346;192.6399473;147.1986269;165.8300681
2019-06-01;222.8186856;180.8263723;88.55192872;121.4994834;137.8027558;138.2116641;143.7474809;152.470856;196.7157434;161.6561452;142.3826819;155.843004;162.6899212;198.3554024;151.1298507;152.0887791
2019-07-01;126.8483487;252.4814439;91.64798142;124.9787215;151.3804777;146.9719782;144.9240335;174.4520584;196.2465006;167.8024903;143.107358;155.3415248;163.9984552;181.5904488;169.7202342;161.2125513
2019-08-01;78.02068369;290.3904621;91.40403718;125.6340224;142.8576016;155.8552044;142.4621649;167.042004;190.1692667;169.2789543;141.6065982;155.2894968;163.5652189;181.1995996;146.8481245;158.5230923
2019-09-01;70.80070876;163.4070366;88.26736213;115.9855861;132.2595101;142.6312795;132.4722945;162.6778364;187.0283035;159.6574678;139.9091229;155.8368159;164.3365054;178.1549587;141.1943926;153.82151
2019-10-01;80.63703912;220.8036295;90.87629924;129.6780969;136.8650748;135.8893908;147.2155478;172.5386185;188.7555317;167.6233199;141.7621148;156.8598856;163.9094472;173.0634222;137.0316824;159.8474492
2019-11-01;90.99893887;94.71695211;86.66774778;119.7182795;136.7328876;133.8192877;142.8963094;173.1473031;185.7122765;161.0720267;140.1495664;156.938282;164.1209014;172.9687201;135.5605717;152.8059648
2019-12-01;100.7137529;95.73886124;89.10509182;114.1278914;145.0851434;122.0146127;131.0506767;175.4177314;184.6041273;168.6270717;143.7164096;157.5695018;163.8181756;166.5453605;131.957302;149.1040201
2020-01-01;84.77989963;101.7089586;88.02324917;101.7147663;151.9215961;129.9048064;129.3796664;176.6000663;182.935423;161.5315088;137.1021797;155.7838348;157.6666758;181.0588356;154.0509267;162.1380631
2020-02-01;68.52543131;183.5505187;85.92847246;102.3074099;140.2242993;125.267519;129.5722948;170.1384615;177.4565022;154.455753;136.2860444;156.3120267;158.4050675;172.6027932;144.736655;146.4819379
2020-03-01;138.798932;80.9192384;85.81213291;98.96454962;146.2974458;97.69679005;126.981966;102.4304473;163.9550884;171.1875554;129.5760538;154.3598751;158.2821478;169.0153111;116.349319;137.1832897
2020-04-01;210.4825682;128.8359663;69.76603413;78.01561127;119.9871948;43.88606288;106.4937172;24.08034046;143.8752524;165.4684619;116.1109986;135.0684708;145.0125327;125.1048534;38.30241263;119.12066
2020-05-01;294.4895217;153.3452499;74.91088342;93.10499614;132.7566943;75.02261009;118.0884957;42.75424462;162.2775368;155.6339714;122.7022619;136.4507101;149.291208;154.7929665;43.59908422;134.3787866
2020-06-01;200.8947649;88.79621965;75.17548022;113.4110416;143.2937698;95.34061073;133.5231445;58.57498991;158.9851724;166.8649128;128.610729;137.2975492;149.8468237;163.008891;57.94750822;140.9648282
2020-07-01;117.049707;86.84341038;78.69808657;114.6088322;158.8598953;114.8352688;136.1619709;58.85516916;150.6253598;166.529225;130.2477744;141.0634447;153.4598257;164.4457482;62.2657769;140.2640058
2020-08-01;75.82374782;264.2794088;80.99570862;114.398752;144.5810037;117.71328;134.4421209;71.33531503;149.9499734;171.1791313;134.6443387;140.0255338;153.092008;162.4829585;66.92927722;140.1548866
2020-09-01;73.78709737;237.4687249;77.02575241;119.2529195;133.9536304;116.4657875;141.8424032;63.82221617;152.1361235;167.2652913;135.8178989;140.5837631;155.1066735;166.2330656;69.0035099;143.5355751
2020-10-01;73.32710117;162.6490879;79.67516749;127.434889;132.3463575;133.1196533;145.2653671;75.24109109;151.6867491;172.6511162;137.68023;143.1518709;156.54106;169.6862008;103.550722;144.8606522
2020-11-01;86.96627386;86.6434335;76.55309298;124.6492129;139.3738132;137.3494533;144.4851966;77.98433096;153.1614416;169.1879493;139.682843;143.3085962;156.7865799;169.7203285;104.8722275;145.3542699
2020-12-01;112.2561259;103.0533915;80.78370022;118.5505791;149.9753135;136.6075219;144.6651155;90.32413753;150.6967739;175.9548807;142.2700678;144.2770353;157.87222;163.6535226;111.1273529;144.3207143
2021-01-01;86.90939936;126.537175;81.80039728;106.2789044;151.016607;145.5397839;135.2979094;106.8801378;158.2492041;164.8443999;138.7898008;146.7674019;152.5678249;178.0679583;129.2681877;159.5429705
2021-02-01;71.72267993;161.3378111;78.10381022;103.4751283;128.495942;141.8992267;136.2416324;107.3124619;153.8032994;159.0806462;137.7013541;147.4876365;153.9195919;170.4866344;123.7488253;144.79191
2021-03-01;147.7349673;136.1200676;86.4020824;129.5434593;144.926742;152.5071577;155.9356916;86.99739798;167.9522117;178.887847;142.5785345;148.9652955;159.172538;185.3470893;122.0259646;164.3952349
2021-04-01;207.7384817;133.0566324;81.68367212;123.297211;134.5809905;137.9932678;150.4193411;85.1908025;169.9688885;170.2499368;143.9239944;146.3385396;156.0034635;188.1764058;102.3708177;162.5899688
2021-05-01;282.0757053;158.3305595;89.54186398;122.0682377;146.8009731;124.4683385;147.6228432;77.78264436;175.015455;155.9703582;142.1055954;147.3847846;156.8830552;193.1361731;104.9894547;151.7166986
2021-06-01;192.8964374;186.5814808;86.16804422;133.0330381;157.8745911;136.0005055;154.6861374;78.9760442;173.7538946;163.1201235;144.7271435;148.2471849;157.7592722;199.6482861;112.4111843;156.2504815
2021-07-01;115.6583873;286.606024;88.20329879;129.5351918;163.9096863;141.5267768;151.5519916;97.5573397;168.7910865;162.6254774;143.8177969;150.7618174;158.6632074;182.2445876;122.4016874;158.6388716
2021-08-01;78.60353233;274.7085132;89.99879393;130.5233436;158.1679176;150.7240551;152.67122;106.8218477;170.1523939;169.3572373;145.0702015;151.0458718;161.5609661;182.2839408;118.5560514;161.1064882
2021-09-01;74.21702784;218.1159788;89.62425631;131.8796408;139.6182597;149.7335092;153.9986875;113.401404;170.8903141;165.9004411;146.3795258;152.6549185;163.3160576;179.4043888;115.3805085;165.4863137
2021-10-01;75.80904819;119.0300907;93.76771229;133.5485531;129.212503;140.8205542;152.3314692;125.7578451;171.0334443;168.8018896;146.3673528;159.8678965;164.322679;174.0556295;119.1353601;156.8915567
2021-11-01;92.71094987;91.17726473;92.10832351;137.6103177;139.5130623;144.834693;159.211417;130.9861872;174.7633829;172.0466022;149.300667;160.5591268;164.7425454;174.104944;119.1161108;159.1674993
2021-12-01;129.6340134;106.3844513;94.31672933;130.9138347;154.8626507;141.6511696;155.6871594;138.3575445;176.4067082;174.8921567;151.1781939;161.2835293;166.399416;167.4150817;123.9172366;167.930837
2022-01-01;95.88139571;110.8933318;93.30917022;105.2894018;163.1752938;145.6801594;138.7439471;146.8502518;171.2854783;167.2252372;144.6627837;161.3666552;159.7049337;182.3729102;141.5898212;167.5165734
2022-02-01;71.93389054;159.2790055;89.10509918;114.1204174;137.7714123;150.1439371;145.0264204;145.9657129;172.9709185;161.7846188;145.8410061;161.6455825;161.5630839;174.893424;135.8714365;159.2504115
2022-03-01;144.9902201;128.0454717;96.82655613;134.2683427;145.5114981;155.7400702;161.9398302;117.6505984;183.7088666;182.8608569;148.8127692;161.5272549;164.9204804;188.8782427;132.1221372;171.7904671
2022-04-01;196.9679085;210.7883829;95.93803435;128.9565953;138.8620305;150.7788581;160.1499831;127.6629383;188.7290604;172.0978371;151.5748916;160.812847;164.7462479;190.5802923;112.1477358;173.5594747
2022-05-01;266.7905788;169.7693198;102.4719245;135.0140435;156.0421821;144.8248593;164.8451292;122.5373359;195.0669849;161.6203602;153.2420648;161.3295398;165.8081998;194.4912504;120.4599367;166.4729185
2022-06-01;182.8858873;200.5199364;98.37204733;142.1139587;166.2871213;148.7541114;169.1567982;125.6621457;190.5147333;168.2462555;153.0693312;162.9728684;167.0982463;201.3306357;126.5183652;171.1167145
2022-07-01;110.538472;275.5377357;100.459405;137.272957;159.5687687;152.1981817;161.3109449;145.4266858;184.4902706;167.0243731;152.6162859;162.457059;167.8043413;183.9212348;136.1207837;168.6448516
2022-08-01;78.13982599;292.0286107;103.1887404;141.2800468;150.4041584;162.9560043;165.7032594;148.3710276;182.5957804;168.5941182;154.656203;161.8560012;168.3695687;183.7132098;129.7756065;167.901015
2022-09-01;73.61366496;211.9235858;102.3817045;137.1495735;133.8360277;160.8962114;164.9249931;151.5424677;180.4573989;163.2893621;152.5435212;162.3040672;169.2604178;180.9657165;122.2943698;171.0307008
2022-10-01;73.47884543;85.33645061;105.6134695;138.0036209;137.0967029;146.9951939;160.0090878;165.6202337;181.4954512;163.9726904;151.8656759;161.9672769;168.6715879;175.5344631;127.3759194;164.6859116
2022-11-01;84.4045126;76.17867627;100.8973779;139.2129678;145.2961592;150.6108836;163.8258269;161.0552956;179.9891514;163.0051652;154.1633565;162.8251808;169.4127608;175.5124458;125.9167998;163.5307297
2022-12-01;101.4046509;118.7083265;104.3548899;128.1208797;161.5164791;140.748101;154.2481646;158.4491134;177.6909346;171.5242086;154.4883469;163.262246;170.5430286;169.0072421;127.0204369;160.3094689
2023-01-01;81.69296899;177.7661443;107.020834;112.9535281;165.1327937;153.2685693;144.8490851;161.6765379;176.5954229;165.5692828;149.2463311;164.5610706;163.87674;183.6804578;149.5599209;169.1209707
2023-02-01;70.14983213;127.5954689;98.16322749;112.6415738;145.8116922;150.2285341;145.170513;156.7301751;171.9988551;156.7916474;148.0885943;164.8019242;165.3837749;176.0962497;141.5339188;155.1011936
2023-03-01;125.5030971;110.7889269;105.0755091;138.892592;164.3994829;161.3101837;168.7586822;126.8651565;181.0070809;180.2268147;152.9419291;164.572406;169.2503482;190.7177377;134.8277648;172.2270772
2023-04-01;128.8892443;64.7744533;101.6159222;130.8757083;133.0247123;152.813985;160.1625266;129.288035;182.3914605;164.4724141;154.1386103;164.0935314;169.0566562;193.4791925;113.6995785;164.8657393
2023-05-01;146.2483742;137.0305503;108.0239907;134.6256534;144.4775808;147.4163157;166.2764785;127.5813969;188.5216707;153.7126451;155.5051089;165.0175885;170.2900914;197.6547306;123.3679831;162.9012127
2023-06-01;112.3490138;212.7201077;105.9004077;136.0585348;154.3378613;150.9507358;169.1455199;130.6602475;183.9157114;158.3545555;155.8026301;166.5543743;171.6911586;204.5253356;128.248976;163.6127478
2023-07-01;94.77121097;331.8489678;107.3818006;131.9830409;158.5848771;151.4863259;159.3443193;158.419336;183.4422942;161.2889713;152.7248857;166.3104987;172.3986721;186.6039953;138.7961819;162.660718
2023-08-01;75.42545464;238.4702249;108.1861403;136.1655685;152.0593012;166.1505875;166.8726446;161.6360394;182.9621727;163.1630987;156.7359099;165.8760091;172.9605177;186.8329232;130.6193846;168.9573042
2023-09-01;72.0499308;232.0895287;108.4919428;132.4861138;144.1743631;160.7883332;161.295601;167.0582787;181.0863893;157.1326967;154.3319688;166.6409729;173.6601503;183.7261332;124.3284851;165.6252541
2023-10-01;76.09024795;99.80781712;110.5989094;136.3288699;137.3630105;151.14393;160.7640737;177.9007285;180.5463283;168.3601996;156.35295;166.8738186;173.5813257;178.9985114;126.8332353;163.284408
2023-11-01;88.36069634;53.00147215;107.5541843;132.4223574;142.3544953;150.8084041;159.646229;173.9185114;180.4932394;157.2438991;155.9970246;167.4187546;173.9299963;179.092755;125.7531361;158.5194865
2023-12-01;110.4094791;128.732158;111.0896349;112.4328119;141.6360686;132.9804793;138.8385313;173.6516125;176.8537544;151.0537504;154.4772555;168.0747847;175.0759953;172.3994045;128.0521367;146.0705756
2024-01-01;91.43041095;153.8755747;114.8006669;100.7414978;155.520555;124.3868817;132.7364395;160.8546976;176.4936815;147.6931004;147.767108;166.4451207;167.053011;186.7980875;148.1087095;159.1623884
2024-02-01;73.68436925;167.6576392;109.2383309;103.2636842;157.2986578;119.1897776;136.0449752;156.1940366;171.8311045;139.242177;147.309715;166.754304;168.5898903;178.574612;138.6652417;148.9573422
2024-03-01;143.2504479;113.9751293;111.2494036;111.6477862;152.0920538;113.0244378;140.5555891;124.9255986;178.4315165;152.7772423;148.1873102;164.9331198;170.7475466;192.676645;131.1232762;153.3637338
